Name,Users_Rating,Height_m,Section_Name,Area_Name,Sub_Area_Name,Latitude,Longitude,Distance_From_EDI_miles,Drive_Time_hrs,Car_Park,Toilets_Info,Is_Climbed,Time_Estimate,Suggested_Leaving_Time,Reviews
"Creag Dhubh Mhòr, Strathcarron",3.33,611.00,Western Highlands and Inner Hebrides,Glen Carron to Glen Strathfarrar,Attadale and Monar,57.40978,-5.359875,212.9,6.0,Attadale Gardens parking or Craig (NG925386),None nearby,No,2.2-3.0 hrs,06:00,
Cruach nam Mult,3.89,611.20,Southern Highlands incl Jura and Arran,Argyll and Kintyre,Cowal and Ardgoil,56.207983,-4.955003,98.8,2.21,Roadside parking on A815 or Rest and Be Thankful (NN228073),Arrochar village,No,2.2-3.0 hrs,13:34,
Creag a' Mhadaidh,3.00,611.40,Southern Highlands incl Jura and Arran,Rannoch Moor to Loch Tay,Above Loch Rannoch and Loch Tummel,56.756764,-4.23473,98.9,3.35,Roadside parking at Kinloch Rannoch (NN662587),Kinloch Rannoch village,No,2.2-3.0 hrs,11:18,
Beinn a' Mheadhoin,3.53,611.90,Western Highlands and Inner Hebrides,Glen Strathfarrar to Glen Affric,South of Glen Cannich,57.285815,-4.957191,195.8,4.21,Glen Cannich road end parking (NH227315),None nearby,No,2.2-3.0 hrs,09:34,
Cruach nan Capull,3.75,612.00,Southern Highlands incl Jura and Arran,Argyll and Kintyre,Cowal and Ardgoil,55.97107,-5.052909,96.5,3.0,Roadside parking on A815 or Rest and Be Thankful (NN228073),Arrochar village,No,2.2-3.0 hrs,12:00,
Stac Pollaidh,4.66,612.40,Northern Highlands and Outer Hebrides,Coigach and Assynt,Coigach and Inverpolly,58.044138,-5.208513,225.9,4.88,Parking at Knockan Crag or Linneraineach (NC094134),None nearby,No,2.2-3.0 hrs,08:14,
Meall an Fheur Loch,2.80,613.00,Northern Highlands and Outer Hebrides,Coigach and Assynt,East Assynt and Glencoul,58.237706,-4.791858,229.3,5.22,Inchnadamph parking (NC251216),None nearby,No,2.2-3.0 hrs,07:33,
Càrn nan Tri-tighearnan,2.15,614.80,Eastern Highlands,Cairngorms and North East Grampians,Dava Moor and Strathdearn,57.426388,-3.961539,154.7,3.59,Roadside parking near Tomatin or Carrbridge,None nearby,No,2.2-3.0 hrs,10:49,
Beinn na Gucaig,3.14,616.00,Central Highlands,Loch Linnhie to Loch Ericht,Loch Leven and Mamores,56.739295,-5.168791,131.1,3.41,Glen Nevis car park or Kinlochleven (NN187620),Kinlochleven village,No,2.3-3.0 hrs,11:10,
Càrn na h-Easgainn,3.64,617.20,Eastern Highlands,Cairngorms and North East Grampians,Dava Moor and Strathdearn,57.361825,-4.089778,146.3,3.63,"Just after the cattle grid, there is parking on the track to the left - do not continue on the road after it bends right towards the houses.",None nearby,No,2.3-3.1 hrs,10:38,
Meall Reamhar,3.20,617.80,Southern Highlands incl Jura and Arran,Loch Tay to the Trossachs,South of Loch Tay to Glen Almond,56.479066,-3.751693,64.2,1.81,Roadside parking near Ardtalnaig or Lawers (NN680400),None nearby,No,2.3-3.1 hrs,14:16,
Cruach Choireadail,3.67,618.00,Western Highlands and Inner Hebrides,Ardnamuchan to Loch Linnhe,Isle of Mull,56.405141,-5.900142,178.2,4.51,"Various - depends on route, Ben More from B8035 (NM505370)",Nearest village,No,2.3-3.1 hrs,08:52,
Cauldcleuch Head,2.78,618.60,Southern Uplands,The Borders,Moffat to Eskdalemuir,55.29723,-2.857445,77.6,2.21,"Grey Mare's Tail car park, A708 (NT186144)",Moffat town centre,No,2.3-3.1 hrs,13:28,
"Beinn an Eòin, Coigach",4.56,619.00,Northern Highlands and Outer Hebrides,Coigach and Assynt,Coigach and Inverpolly,58.006592,-5.208993,224.0,4.84,Parking at Knockan Crag or Linneraineach (NC094134),None nearby,No,2.3-3.1 hrs,08:13,
Pressendye,3.54,619.10,Eastern Highlands,Cairngorms and North East Grampians,River Don to River Gairn,57.168793,-2.844254,125.9,3.3,Roadside parking near Cock Bridge or Corgarff (NJ255088),None nearby,No,2.3-3.1 hrs,11:18,
"Beinn Bheag, Cowal",3.83,619.80,Southern Highlands incl Jura and Arran,Argyll and Kintyre,Cowal and Ardgoil,56.094358,-5.014599,118.4,4.28,Start just beyond Stonefield in Glen Massan where there is a parking area with information board just after a bridge over the River Massan.,None nearby,No,2.3-3.1 hrs,09:20,
"Beinn Mhòr, South Uist",4.69,620.50,Northern Highlands and Outer Hebrides,Outer Hebrides,South Uist,57.258503,-7.294868,317.7,8.36,"There is limited parking for one car a little way south of the track, or more space just off the road heading west to the coast from the A865 just north of the track and the Abhainn Rog.",None nearby,No,2.3-3.1 hrs,01:10,
Creag Ghuanach,4.43,621.00,Central Highlands,Loch Linnhie to Loch Ericht,Easains and Innses,56.781452,-4.784217,131.8,3.12,Parking at Loch Treig dam or Fersit (NN350782),None (remote),No,2.3-3.1 hrs,11:39,
Tom Meadhoin,3.18,621.80,Central Highlands,Loch Linnhie to Loch Ericht,Loch Leven and Mamores,56.711364,-5.12656,125.4,3.12,Glen Nevis car park or Kinlochleven (NN187620),Kinlochleven village,No,2.3-3.1 hrs,11:39,
"Creag Ruadh, Strath Mashie",3.05,622.20,Central Highlands,Monadh Liath to Glen Roy,Creag Meagaidh and neighbours,56.991146,-4.374917,112.7,2.43,Creag Meagaidh NNR car park (NN483875),Creag Meagaidh visitor area,No,2.3-3.1 hrs,13:02,
Meall nan Caorach,3.37,623.70,Southern Highlands incl Jura and Arran,Loch Tay to the Trossachs,South of Loch Tay to Glen Almond,56.484919,-3.741245,65.6,1.8,Roadside parking near Ardtalnaig or Lawers (NN680400),None nearby,No,2.3-3.1 hrs,14:18,
Beinn a' Chlachain,4.14,625.80,Northern Highlands and Outer Hebrides,Applecross," Coulin and Torridon, 57.474412",57.474412,-5.797518,233.7,5.41,Torridon village car park (NG869564),Torridon village,No,2.3-3.1 hrs,07:04,
Scaraben,3.20,626.00,Northern Highlands and Outer Hebrides,Loch Shin to the Pentland Firth,Caithness,58.220387,-3.591506,242.9,5.41,Roadside parking near route start,Nearest village,No,2.3-3.1 hrs,07:04,
Beinn na Feusaige,2.67,626.80,Northern Highlands and Outer Hebrides,Applecross," Coulin and Torridon, 57.537855",57.537855,-5.192453,202.1,4.38,Torridon village car park (NG869564),Torridon village,No,2.3-3.1 hrs,09:08,
Beinn Dhorain,3.71,628.30,Northern Highlands and Outer Hebrides,Loch Shin to the Pentland Firth,Strath Vagastie to Strath Ullie,58.116773,-3.825583,220.3,4.89,Roadside parking on A838/A836,None nearby,No,2.3-3.1 hrs,08:07,
"Meall a' Chaorainn, Alladale",3.00,632.00,Northern Highlands and Outer Hebrides,Loch Broom to Easter Ross,Easter Ross,57.804049,-4.761433,197.6,6.81,Parking varies - Evanton or Alness area,Nearest town,No,2.3-3.2 hrs,04:10,
Cruinn a' Bheinn,3.08,632.50,Southern Highlands incl Jura and Arran,Loch Tay to the Trossachs,Loch Katrine to Loch Lomond,56.210743,-4.637127,69.8,2.93,Parking at Inversnaid or Stronachlachar,None nearby,No,2.3-3.2 hrs,11:56,
Tullich Hill,2.79,633.10,Southern Highlands incl Jura and Arran,Argyll and Kintyre,Luss Hills,56.167854,-4.749968,86.7,2.04,Luss village car park (NS361929),Luss village,No,2.3-3.2 hrs,13:43,
"Glas-chàrn, Loch Eilt",3.71,633.30,Western Highlands and Inner Hebrides,South Morar to Glen Loy,South Morar,56.89485,-5.537588,165.7,3.71,Roadside parking on A830 near Morar,Morar village,No,2.3-3.2 hrs,10:22,
Beinn Ghobhlach,4.22,634.90,Northern Highlands and Outer Hebrides,The Fannichs to Loch Maree,Loch Broom,57.895994,-5.282459,219.9,4.97,Ullapool car park,Ullapool town,No,2.4-3.2 hrs,07:51,
"Glas Bheinn, Ardgour",2.38,635.30,Western Highlands and Inner Hebrides,Ardnamuchan to Loch Linnhe,Ardgour,56.827678,-5.378603,157.9,3.6,Roadside parking on A861 near Strontian (NM816618),Strontian village,No,2.4-3.2 hrs,10:35,
Beinn na Sròine,2.67,635.80,Central Highlands,Northwest Argyll and Appin,Glen Orchy,56.419597,-4.864659,94.9,2.22,Parking at Bridge of Orchy station (NN297395),None nearby,No,2.4-3.2 hrs,13:21,
Croft Head,3.62,636.20,Southern Uplands,The Borders,Moffat to Eskdalemuir,55.337569,-3.336764,55.4,1.83,"Grey Mare's Tail car park, A708 (NT186144)",Moffat town centre,No,2.4-3.2 hrs,14:08,
Beinn Bhalgairean,3.00,636.80,Southern Highlands incl Jura and Arran,Loch Tay to the Trossachs,Cononish,56.375004,-4.912124,102.7,2.96,Parking at Dalrigh near Tyndrum (NN343291),Tyndrum village,No,2.4-3.2 hrs,11:52,
Creag Gharbh,3.57,637.40,Southern Highlands incl Jura and Arran,Loch Tay to the Trossachs,South of Loch Tay to Glen Almond,56.466792,-4.221556,79.0,2.37,Roadside parking near Ardtalnaig or Lawers (NN680400),None nearby,No,2.4-3.2 hrs,13:03,
Mòr Bheinn,3.75,640.30,Southern Highlands incl Jura and Arran,Loch Tay to the Trossachs,South of Loch Earn and Glen Artney,56.365386,-4.079696,69.8,3.44,Roadside parking near Comrie or St Fillans,Comrie village,No,2.4-3.2 hrs,10:55,
Blath Bhalg,2.88,640.40,Eastern Highlands,Gaick and Atholl,Glen Tilt to Glen Brerachan,56.731402,-3.604384,80.0,2.69,Blair Atholl car park or Old Bridge of Tilt (NN875662),Blair Atholl village,No,2.4-3.2 hrs,12:25,
Beinn Clachach,3.60,642.30,Western Highlands and Inner Hebrides,Loch Hourn to Glen Shiel,Arnisdale and Glen Elg,57.140353,-5.49564,208.0,5.19,Arnisdale village parking or Glenelg (NG811131),None nearby,No,2.4-3.2 hrs,07:25,
Creag Tharsuinn,3.56,643.00,Southern Highlands incl Jura and Arran,Argyll and Kintyre,Cowal and Ardgoil,56.07642,-5.073811,91.4,3.38,Roadside parking on A815 or Rest and Be Thankful (NN228073),Arrochar village,No,2.4-3.2 hrs,11:02,
Sgiath a' Chàise,3.19,644.20,Southern Highlands incl Jura and Arran,Loch Tay to the Trossachs,South of Loch Earn and Glen Artney,56.32362,-4.291801,66.4,2.81,Roadside parking near Comrie or St Fillans,Comrie village,No,2.4-3.3 hrs,12:04,
Beinn na Cloiche,3.80,645.10,Central Highlands,Loch Linnhie to Loch Ericht,Loch Leven and Mamores,56.74379,-4.806406,131.3,4.41,Glen Nevis car park or Kinlochleven (NN187620),Kinlochleven village,No,2.4-3.3 hrs,08:52,
Biod an Fhithich,4.25,645.90,Western Highlands and Inner Hebrides,Loch Hourn to Glen Shiel,Glen Shiel Forest,57.177557,-5.391765,182.9,3.96,"Layby on A87, Glen Shiel (NH012117)",None nearby,No,2.4-3.3 hrs,09:46,
Craignaw,4.15,646.00,Southern Uplands,Galloway,Glen Trool and Glenkens,55.120375,-4.417621,99.5,4.16,Glen Trool visitor centre car park (NX397788),Glen Trool visitor centre,No,2.4-3.3 hrs,09:22,
Càrn Salachaidh,3.20,648.00,Northern Highlands and Outer Hebrides,Loch Broom to Easter Ross,Easter Ross,57.851876,-4.497396,195.8,4.43,Parking varies - Evanton or Alness area,Nearest town,No,2.4-3.3 hrs,08:50,
Sgòrr Mhic Eacharna,4.00,650.50,Western Highlands and Inner Hebrides,Ardnamuchan to Loch Linnhe,Ardgour,56.712568,-5.387064,132.4,3.54,Roadside parking on A861 near Strontian (NM816618),Strontian village,No,2.4-3.3 hrs,10:37,
Glas-bheinn Mhor,2.75,651.00,Western Highlands and Inner Hebrides,Glen Affric to Glen Shiel,Glen Urquhart to Glen Moriston,57.272226,-4.593933,174.7,6.07,Parking off A887 near Cluanie Inn (NH076118),Cluanie Inn,No,2.4-3.3 hrs,05:33,
Beinn Donachain,2.59,651.40,Central Highlands,Northwest Argyll and Appin,Glen Orchy,56.442606,-4.923252,104.9,2.83,Parking at Bridge of Orchy station (NN297395),None nearby,No,2.4-3.3 hrs,12:02,
Blackhope Scar,2.55,651.80,Southern Uplands,The Borders,Moorfoot Hills,55.723514,-3.091949,29.2,1.37,Gladhouse Reservoir informal parking (NT291528),None nearby,No,2.4-3.3 hrs,14:57,
Beinn na Cille,2.89,652.00,Western Highlands and Inner Hebrides,Ardnamuchan to Loch Linnhe,Kingairloch,56.630446,-5.500286,140.8,3.61,Roadside parking near Kingairloch (NM830490),None nearby,No,2.4-3.3 hrs,10:28,
Fiarach,3.67,652.20,Southern Highlands incl Jura and Arran,Loch Tay to the Trossachs,Cononish,56.398548,-4.683461,85.7,2.09,Parking at Dalrigh near Tyndrum (NN343291),Tyndrum village,No,2.5-3.3 hrs,13:31,
Meall Blàir,3.00,656.50,Western Highlands and Inner Hebrides,Knoydart and the Rough Bounds,Glen Garry Forest,57.006405,-5.167586,155.0,3.42,Tomdoun roadside parking (NH156012),None nearby,No,2.5-3.3 hrs,10:51,
"Mid Hill, Beinn Dubh",3.96,656.90,Southern Highlands incl Jura and Arran,Argyll and Kintyre,Luss Hills,56.129492,-4.702341,82.1,1.84,There is a large car park in Luss village (charge).,None nearby,No,2.5-3.3 hrs,14:01,
Meall Odhar,3.50,656.90,Southern Highlands incl Jura and Arran,Loch Tay to the Trossachs,Cononish,56.430067,-4.761726,90.2,2.62,Parking at Dalrigh near Tyndrum (NN343291),Tyndrum village,No,2.5-3.3 hrs,12:27,
Millfore,3.64,657.00,Southern Uplands,Galloway,Glen Trool and Glenkens,55.050237,-4.383848,98.7,2.85,"There is a car park on the left just short of Black Loch, reached by driving up an unmade forest track from the A712 Queen's Way.",None nearby,No,2.5-3.4 hrs,11:54,
Meall nan Eagan,3.47,657.90,Central Highlands,Glen Garry to Loch Rannoch,Laggan and Ardverikie,56.957154,-4.309018,105.4,2.6,Parking near Laggan (NN593944),Laggan village,No,2.5-3.4 hrs,12:24,
"Creag Ruadh, Dalwhinnie",3.05,658.80,Eastern Highlands,Gaick and Atholl,East of Drumochter and Gaick Forest,56.966122,-4.164359,105.3,3.01,Layby on A9 or Gaick track end (NN691735),None nearby,No,2.5-3.4 hrs,11:34,
Windlestraw Law,3.26,659.20,Southern Uplands,The Borders,Moorfoot Hills,55.676398,-3.001744,43.0,1.64,"Leithen Road car park, Innerleithen (NT332368)",Innerleithen town centre,No,2.5-3.4 hrs,14:19,
Càrn Glas-choire,3.27,659.40,Eastern Highlands,Cairngorms and North East Grampians,Dava Moor and Strathdearn,57.339413,-3.843376,139.6,3.52,Roadside parking near Tomatin or Carrbridge,None nearby,No,2.5-3.4 hrs,10:33,
"Creag Dhubh, Glen Roy",3.33,659.60,Central Highlands,Monadh Liath to Glen Roy,Glen Roy,56.902993,-4.755827,130.5,2.82,There is space to park on the north side of the A86 just north of Lochan Ulvie; the correct parking area has a bench and also a gate giving access into the woods to the north.,None nearby,No,2.5-3.4 hrs,11:57,
"Creag Mhòr, Loch Voil",3.67,659.80,Southern Highlands incl Jura and Arran,Loch Tay to the Trossachs,Loch Voil to Strath Gartney,56.335489,-4.411251,68.6,1.77,Parking at Balquhidder village (NN536209),None nearby,No,2.5-3.4 hrs,14:03,
Sgòrr a' Choise,4.25,661.80,Central Highlands,Northwest Argyll and Appin,Appin and Beinn a' Bheithir,56.648892,-5.125805,121.9,3.77,Parking at Ballachulish visitor centre (NN083581),Ballachulish village,No,2.5-3.4 hrs,10:03,
Oireabhal (Oreval),4.14,662.20,Northern Highlands and Outer Hebrides,Outer Hebrides,Harris,57.983098,-6.935211,291.9,7.75,Various - Tarbert or Huishinish road end,Tarbert village,No,2.5-3.4 hrs,02:06,
Aodann Chlèireig,3.22,662.60,Western Highlands and Inner Hebrides,South Morar to Glen Loy,Glen Mallie and Glen Loy,56.890797,-5.293757,153.7,3.73,Roadside parking near Gairlochy (NN176842),None nearby,No,2.5-3.4 hrs,10:08,
"Beinn Mheadhoin, Strathconon",4.11,664.30,Western Highlands and Inner Hebrides,Glen Carron to Glen Strathfarrar,Strathconon,57.486605,-4.906344,191.1,4.48,"Scardroy road end, Strathconon (NH257515)",None nearby,No,2.5-3.4 hrs,08:38,
Meall Tairbh,3.80,664.40,Central Highlands,Northwest Argyll and Appin,Glen Orchy,56.497753,-4.843057,98.1,2.96,Parking at Bridge of Orchy station (NN297395),None nearby,No,2.5-3.4 hrs,11:40,
Croit Bheinn,4.20,664.50,Western Highlands and Inner Hebrides,Ardnamuchan to Loch Linnhe,Moidart,56.835635,-5.590286,187.6,4.56,Parking near Glenfinnan or Lochailort,Glenfinnan visitor centre,No,2.5-3.4 hrs,08:28,
Beinn Ruadh,3.46,664.60,Southern Highlands incl Jura and Arran,Argyll and Kintyre,Cowal and Ardgoil,56.053193,-4.963209,117.3,2.66,Roadside parking on A815 or Rest and Be Thankful (NN228073),Arrochar village,No,2.5-3.4 hrs,12:16,
Uamh Bheag,2.97,665.80,Southern Highlands incl Jura and Arran,Loch Tay to the Trossachs,South of Loch Earn and Glen Artney,56.281031,-4.115662,54.7,2.54,Roadside parking near Comrie or St Fillans,Comrie village,No,2.5-3.4 hrs,12:31,
Beinn Gàire,2.60,666.10,Western Highlands and Inner Hebrides,Ardnamuchan to Loch Linnhe,Moidart,56.812384,-5.636858,187.6,4.56,Parking near Glenfinnan or Lochailort,Glenfinnan visitor centre,No,2.5-3.4 hrs,08:28,
"Beinn Bhreac, Inverlael",3.50,666.30,Northern Highlands and Outer Hebrides,Loch Broom to Easter Ross,Inverlael and Strathvaich,57.852102,-4.991522,210.8,5.41,Inverlael car park off A835 (NH183854),None nearby,No,2.5-3.4 hrs,06:46,
"Meall nan Eun, Loch Hourn",3.20,667.00,Western Highlands and Inner Hebrides,Knoydart and the Rough Bounds,Glen Barrisdale,57.090183,-5.461898,208.2,4.99,Kinloch Hourn road end (NG950067),None (remote),No,2.5-3.4 hrs,07:37,
Binnein Shios,3.83,667.10,Central Highlands,Glen Garry to Loch Rannoch,Laggan and Ardverikie,56.938149,-4.479258,118.4,3.52,Parking near Laggan (NN593944),Laggan village,No,2.5-3.4 hrs,10:33,
Creag Bhalg,3.50,668.20,Eastern Highlands,Cairngorms and North East Grampians,East of Lairig an Laoigh,57.003321,-3.4969,102.4,2.62,Linn of Dee car park (NO063897),None nearby,No,2.5-3.4 hrs,12:21,
"Beinn Bheag, Fannichs",3.83,668.40,Northern Highlands and Outer Hebrides,The Fannichs to Loch Maree,The Fannichs,57.691534,-5.214213,204.0,4.58,Parking at A832 Fannich Lodge track (NH236660),None nearby,No,2.5-3.4 hrs,08:26,
Hartaval,3.71,669.00,Western Highlands and Inner Hebrides,Inner Hebrides,"Trotternish, Skye",57.515745,-6.209523,244.1,5.4,Old Man of Storr car park (NG509529) or Staffin,Portree town,No,2.5-3.4 hrs,06:47,
Cat Law,3.26,670.40,Eastern Highlands,Glenshee to Cairn o'Mount,Angus Glens,56.736311,-3.114972,79.9,2.46,Park opposite Burnside of Balintore just west of the Knowehead of Auldallan; there is space by the old gateway to the castle at NO295586.,None nearby,No,2.5-3.4 hrs,12:40,
An Ruadh-mheallan,3.55,671.70,Northern Highlands and Outer Hebrides,Applecross," Coulin and Torridon, 57.59116",57.59116,-5.622199,221.9,4.82,Torridon village car park (NG869564),Torridon village,No,2.6-3.5 hrs,07:51,
Càrn na Còinnich,3.56,673.40,Western Highlands and Inner Hebrides,Glen Carron to Glen Strathfarrar,Strathconon,57.518545,-4.799116,186.8,4.24,"Scardroy road end, Strathconon (NH257515)",None nearby,No,2.6-3.5 hrs,09:01,
Creag Each,3.32,673.70,Southern Highlands incl Jura and Arran,Loch Tay to the Trossachs,South of Loch Tay to Glen Almond,56.410315,-4.185388,70.8,1.79,Roadside parking near Ardtalnaig or Lawers (NN680400),None nearby,No,2.6-3.5 hrs,13:55,
"Meall Mòr, Glen Coe",3.78,676.00,Central Highlands,Northwest Argyll and Appin,Appin and Beinn a' Bheithir,56.656987,-5.091451,117.5,2.73,Parking at Ballachulish visitor centre (NN083581),Ballachulish village,No,2.6-3.5 hrs,12:02,
Beinn Suidhe,3.50,676.30,Central Highlands,Northwest Argyll and Appin,Ben Cruachan and Glen Kinglass,56.518406,-4.908358,107.8,3.3,Cruachan visitor centre parking off A85 (NN079267),Cruachan visitor centre,No,2.6-3.5 hrs,10:54,
"Leana Mhòr, east Glen Roy",3.40,676.80,Central Highlands,Monadh Liath to Glen Roy,Glen Roy,56.9518,-4.769052,139.8,3.01,"The walk starts from the bridge over the Allt a' Bhreac Achaidh; there is parking on the grass verge either on the bend just before the descent to the bridge, or after the bridge on the right.",None nearby,No,2.6-3.5 hrs,11:28,
"Càrn Gorm, Cannich",3.20,677.30,Western Highlands and Inner Hebrides,Glen Strathfarrar to Glen Affric,North of Glen Cannich,57.37927,-4.781767,188.2,4.24,Glen Cannich road end parking (NH227315),None nearby,No,2.6-3.5 hrs,09:01,
Andrewhinney Hill,3.18,677.30,Southern Uplands,The Borders,Moffat to Eskdalemuir,55.412223,-3.26896,47.4,1.35,"Grey Mare's Tail car park, A708 (NT186144)",Moffat town centre,No,2.6-3.5 hrs,14:48,
Càrn Breac,4.33,677.80,Northern Highlands and Outer Hebrides,Applecross," Coulin and Torridon, Coulin and Ben Damh",57.525784,-5.26443,211.5,5.54,Torridon village car park (NG869564),Torridon village,No,2.6-3.5 hrs,06:25,
Hill of Wirren,3.05,678.00,Eastern Highlands,Glenshee to Cairn o'Mount,Angus Glens,56.854391,-2.784014,95.1,2.69,Glen Doll car park (NO284762),Glen Doll ranger centre,No,2.6-3.5 hrs,12:07,
Càrn Mhic an Toisich,2.80,678.20,Western Highlands and Inner Hebrides,Glen Affric to Glen Shiel,Glen Urquhart to Glen Moriston,57.226744,-4.800175,176.9,4.98,Parking off A887 near Cluanie Inn (NH076118),Cluanie Inn,No,2.6-3.5 hrs,07:32,
Capel Fell,3.48,678.30,Southern Uplands,The Borders,Moffat to Eskdalemuir,55.349065,-3.319992,55.5,1.86,"Grey Mare's Tail car park, A708 (NT186144)",Moffat town centre,No,2.6-3.5 hrs,13:46,
Meall a' Chrathaich,3.00,678.90,Western Highlands and Inner Hebrides,Glen Affric to Glen Shiel,Glen Urquhart to Glen Moriston,57.2599,-4.71952,174.6,5.73,Parking off A887 near Cluanie Inn (NH076118),Cluanie Inn,No,2.6-3.5 hrs,06:02,
Càrn na Breabaig,3.00,679.00,Western Highlands and Inner Hebrides,Glen Strathfarrar to Glen Affric,Killilan and Iron Lodge,57.320903,-5.212447,207.5,6.9,Killilan road end parking (NH016293),None nearby,No,2.6-3.5 hrs,03:41,
Meall Onfhaidh,2.86,679.30,Western Highlands and Inner Hebrides,South Morar to Glen Loy,Glen Mallie and Glen Loy,56.905217,-5.269118,155.7,4.06,Roadside parking near Gairlochy (NN176842),None nearby,No,2.6-3.5 hrs,09:22,
Tiorga Mòr (Tirga Mor),4.14,680.00,Northern Highlands and Outer Hebrides,Outer Hebrides,Harris,57.994924,-6.985044,291.9,7.75,There is no formal car parking at the foot of the power station road up Gleann Chliostair; some drivers find a spot near the cattle grid just along the B887 whilst others drive up the first 500m of th,None nearby,No,2.6-3.5 hrs,02:00,
Meall na Faochaig,2.70,680.60,Western Highlands and Inner Hebrides,Glen Carron to Glen Strathfarrar,Strathconon,57.529013,-4.911926,190.2,4.2,"Scardroy road end, Strathconon (NH257515)",None nearby,No,2.6-3.5 hrs,09:05,
"Beinn Bhreac, Loch Lomond",3.50,680.80,Southern Highlands incl Jura and Arran,Argyll and Kintyre,Luss Hills,56.163652,-4.70458,82.8,1.95,Luss village car park (NS361929),Luss village,No,2.6-3.5 hrs,13:35,
Beinn a' Chaisgein Beag,3.55,682.30,Northern Highlands and Outer Hebrides,The Fannichs to Loch Maree,Fisherfield,57.782619,-5.422831,230.2,5.57,Kinlochewe village parking (NH028619) or Poolewe,Kinlochewe village,No,2.6-3.5 hrs,06:21,
Cruach an t-Sìdhein,3.77,683.60,Southern Highlands incl Jura and Arran,Argyll and Kintyre,Luss Hills,56.129799,-4.776799,88.3,2.23,"The road has little traffic (and no good parking spaces) and so provides pleasant going, gradually gaining height up the glen and giving good views of the surrounding hills.",None nearby,No,2.6-3.5 hrs,13:02,
"Leana Mhòr, west Glen Roy",3.40,683.90,Central Highlands,Monadh Liath to Glen Roy,Glen Roy,56.950324,-4.821787,144.6,3.48,"The walk starts from the bridge over the Allt a' Bhreac Achaidh; there is parking on the grass verge either on the bend just before the descent to the bridge, or after the bridge on the right.",None nearby,No,2.6-3.5 hrs,10:32,
Beinn Damhain,3.18,684.20,Southern Highlands incl Jura and Arran,Argyll and Kintyre,Glen Fyne,56.316823,-4.779062,91.8,2.53,Parking at head of Glen Fyne off A83 (NN229137),None nearby,No,2.6-3.5 hrs,12:26,
Stob Breac,3.17,686.40,Southern Highlands incl Jura and Arran,Loch Tay to the Trossachs,Loch Voil to Strath Gartney,56.316399,-4.512073,74.4,2.08,Parking at Balquhidder village (NN536209),None nearby,No,2.6-3.6 hrs,13:14,
Beinn Mòlurgainn,3.80,688.30,Central Highlands,Northwest Argyll and Appin,Glen Creran to Glen Etive,56.510869,-5.220201,134.1,3.87,Parking at Glen Etive road end or Gualachulain (NN137468),None nearby,No,2.6-3.6 hrs,09:39,
Beinn Direach,3.14,688.90,Northern Highlands and Outer Hebrides,Loch Shin to the Pentland Firth,Srath Luib na Seilich to Loch Merkland,58.302129,-4.721399,235.2,5.24,Roadside parking on A838 near Loch Merkland,None nearby,No,2.6-3.6 hrs,06:55,
Gathersnow Hill,2.96,689.50,Southern Uplands,The Borders,Tinto and Culter Fells,55.515977,-3.492268,45.5,1.98,Layby near Coulter Reservoir (NT031310),None nearby,No,2.7-3.6 hrs,13:26,
Beinn a' Mhùinidh,4.00,689.90,Northern Highlands and Outer Hebrides,The Fannichs to Loch Maree,Letterewe,57.64125,-5.298734,207.2,4.68,Kinlochewe village parking (NH028619),Kinlochewe village,No,2.7-3.6 hrs,08:02,
"Meall Dearg, Glen Quaich",3.23,690.30,Southern Highlands incl Jura and Arran,Loch Tay to the Trossachs,South of Loch Tay to Glen Almond,56.552204,-3.812795,70.5,2.23,Roadside parking near Ardtalnaig or Lawers (NN680400),None nearby,No,2.7-3.6 hrs,12:56,
Ballencleuch Law,3.06,691.40,Southern Uplands,Galloway,Lowther Hills,55.32723,-3.679207,54.5,1.7,Wanlockhead village parking (NS873131),Wanlockhead museum,No,2.7-3.6 hrs,14:00,
Ettrick Pen,3.50,691.80,Southern Uplands,The Borders,Moffat to Eskdalemuir,55.356213,-3.263524,54.0,1.7,"Grey Mare's Tail car park, A708 (NT186144)",Moffat town centre,No,2.7-3.6 hrs,14:00,
"Beinn Tharsuinn, Strath Rusdale",2.81,692.00,Northern Highlands and Outer Hebrides,Loch Broom to Easter Ross,Easter Ross,57.781477,-4.345309,188.1,4.63,There is a large parking area at the start of the track off the west side of the B9176 just north of Strathrory Bridge.,None nearby,No,2.7-3.6 hrs,08:08,
Mullwharchar,3.80,692.00,Southern Uplands,Galloway,Glen Trool and Glenkens,55.149863,-4.427347,101.7,4.78,Glen Trool visitor centre car park (NX397788),Glen Trool visitor centre,No,2.7-3.6 hrs,07:50,
Beinn na Muice,3.80,693.80,Western Highlands and Inner Hebrides,Glen Carron to Glen Strathfarrar,North of Glen Strathfarrar,57.417432,-4.967469,192.7,7.63,Glen Strathfarrar gate parking (NH268384),None nearby,No,2.7-3.6 hrs,02:08,
Queensberry,3.38,697.10,Southern Uplands,Galloway,Lowther Hills,55.281454,-3.593085,60.7,2.23,There is space for a couple of cars on the grass verge - do not park at the Mitchellslacks entrance as large vehicles need to turn here; there may be more space further along the public road.,None nearby,No,2.7-3.6 hrs,12:56,
Càrn Loch nan Amhaichean,2.63,697.30,Northern Highlands and Outer Hebrides,Loch Broom to Easter Ross,Easter Ross,57.743394,-4.670744,189.2,4.57,Parking varies - Evanton or Alness area,Nearest town,No,2.7-3.6 hrs,08:15,
Windy Standard,2.95,697.90,Southern Uplands,Galloway,Forest of Carsphairn,55.28796,-4.174392,77.9,2.91,Roadside parking on A713 near Carsphairn (NS560196),None nearby,No,2.7-3.7 hrs,11:28,
Meall Fuar-mhonaidh,3.86,698.40,Western Highlands and Inner Hebrides,Glen Affric to Glen Shiel,Glen Urquhart to Glen Moriston,57.264465,-4.560033,170.8,4.07,Parking off A887 near Cluanie Inn (NH076118),Cluanie Inn,No,2.7-3.7 hrs,09:09,
"Creach Beinn, Mull",3.60,698.70,Western Highlands and Inner Hebrides,Ardnamuchan to Loch Linnhe,Isle of Mull,56.381891,-5.820111,176.2,4.55,"Various - depends on route, Ben More from B8035 (NM505370)",Nearest village,No,2.7-3.7 hrs,08:11,
"Meall Garbh, Glen Kinglass",3.60,700.30,Central Highlands,Northwest Argyll and Appin,Ben Cruachan and Glen Kinglass,56.486827,-4.977035,107.4,3.23,Cruachan visitor centre parking off A85 (NN079267),Cruachan visitor centre,No,2.7-3.7 hrs,10:50,
Slat Bheinn,3.50,700.60,Western Highlands and Inner Hebrides,Knoydart and the Rough Bounds,Glen Barrisdale,57.068179,-5.448756,179.3,3.88,Kinloch Hourn road end (NG950067),None (remote),No,2.7-3.7 hrs,09:32,
Blackcraig Hill,3.41,700.90,Southern Uplands,Galloway,Forest of Carsphairn,55.333082,-4.133457,69.3,2.73,Roadside parking on A713 near Carsphairn (NS560196),None nearby,No,2.7-3.7 hrs,11:50,
Càrn a' Choin Deirg,3.75,701.00,Northern Highlands and Outer Hebrides,Loch Broom to Easter Ross,Strath Mulzie and Freevater,57.891742,-4.704962,204.4,5.18,Roadside parking on A837 near Oykel Bridge,None nearby,No,2.7-3.7 hrs,06:56,
Beinn Eich,3.14,701.50,Southern Highlands incl Jura and Arran,Argyll and Kintyre,Luss Hills,56.114647,-4.732381,82.2,2.16,"The road has little traffic (and no good parking spaces) and so provides pleasant going, gradually gaining height up the glen and giving good views of the surrounding hills.",None nearby,No,2.7-3.7 hrs,12:58,
Belig,4.57,701.60,Western Highlands and Inner Hebrides,Inner Hebrides,"Strathaird and Red Cuillin, Skye",57.241028,-6.072307,217.4,4.79,Sligachan car park (NG486298),Sligachan hotel,No,2.7-3.7 hrs,07:43,
Sgùrr nan Cnamh,3.75,701.80,Western Highlands and Inner Hebrides,Ardnamuchan to Loch Linnhe,Ardgour,56.722558,-5.455347,134.1,3.82,Roadside parking on A861 near Strontian (NM816618),Strontian village,No,2.7-3.7 hrs,09:39,
"Beinn Fhada, Mull",4.05,702.00,Western Highlands and Inner Hebrides,Ardnamuchan to Loch Linnhe,Isle of Mull,56.441989,-5.992526,172.4,4.41,There is a sizeable area for parking on the north side of the B8035 about half way between the bridge over the Abhainn na h-Uamha and the bridge over the Scarisdale river.,None nearby,No,2.7-3.7 hrs,08:28,
Trollabhal,,702.00,Western Highlands and Inner Hebrides,Inner Hebrides,Isle of Rum,56.973415,-6.317303,227.4,5.01,"Kinloch, Isle of Rum (ferry from Mallaig) (NM404995)",Kinloch village hall,No,2.7-3.7 hrs,07:16,
Beinn Lochain,3.53,702.90,Southern Highlands incl Jura and Arran,Argyll and Kintyre,Cowal and Ardgoil,56.162695,-4.964441,102.7,2.92,Roadside parking on A815 or Rest and Be Thankful (NN228073),Arrochar village,No,2.7-3.7 hrs,11:27,
Duchray Hill (Mealna Letter),3.18,703.10,Eastern Highlands,Glenshee to Cairn o'Mount,Angus Glens,56.789265,-3.374159,79.3,2.5,There is limited parking in a layby on the B951 by the signs for the Perthshire / Angus border and also around 100m east at the forest edge at NO154642.,None nearby,No,2.7-3.7 hrs,12:18,
Sgùrr an Fhidhleir,4.63,703.90,Northern Highlands and Outer Hebrides,Coigach and Assynt,Coigach and Inverpolly,57.99731,-5.225936,239.6,5.25,"Cross the stream and soon emerge onto the road, turn right to cross the bridge and climb up the hill to the parking area at the start. (NC070037)",None nearby,No,2.7-3.7 hrs,06:48,
Corra-bheinn,3.67,704.80,Western Highlands and Inner Hebrides,Ardnamuchan to Loch Linnhe,Isle of Mull,56.419319,-5.936331,180.5,4.57,"Various - depends on route, Ben More from B8035 (NM505370)",Nearest village,No,2.7-3.7 hrs,08:09,
"Meall a' Chaorainn, Fannichs",3.00,705.00,Northern Highlands and Outer Hebrides,The Fannichs to Loch Maree,The Fannichs,57.595083,-5.120569,197.5,4.53,Parking at A832 Fannich Lodge track (NH236660),None nearby,No,2.7-3.7 hrs,08:14,
An Cruachan,4.29,705.00,Western Highlands and Inner Hebrides,Glen Strathfarrar to Glen Affric,North of Glen Cannich,57.373266,-5.171904,207.5,6.9,Glen Cannich road end parking (NH227315),None nearby,No,2.7-3.7 hrs,03:30,
"Creag a' Choire Ghlais, Ben Armine",3.40,705.30,Northern Highlands and Outer Hebrides,Loch Shin to the Pentland Firth,Strath Vagastie to Strath Ullie,58.215422,-4.223263,252.2,7.85,Roadside parking on A838/A836,None nearby,No,2.7-3.7 hrs,01:36,
Hunt Hill,3.70,705.40,Eastern Highlands,Glenshee to Cairn o'Mount,Angus Glens,56.911964,-3.019791,108.1,4.06,Glen Doll car park (NO284762),Glen Doll ranger centre,No,2.7-3.7 hrs,09:10,
"Morven, Caithness",4.05,706.00,Northern Highlands and Outer Hebrides,Loch Shin to the Pentland Firth,Caithness,58.23425,-3.69672,247.5,6.04,There is a small parking area - suitable for around 3 cars - near the phone box at the end of the public road to Braemore.,None nearby,No,2.7-3.7 hrs,05:13,
Càrn a' Chaochain,2.71,706.60,Western Highlands and Inner Hebrides,Glen Affric to Glen Shiel,Glen Urquhart to Glen Moriston,57.216786,-4.924311,197.9,5.74,Parking off A887 near Cluanie Inn (NH076118),Cluanie Inn,No,2.7-3.7 hrs,05:49,
"Creag na h-Eararuidh, Stùc na Cabaig",,708.30,Southern Highlands incl Jura and Arran,Loch Tay to the Trossachs,South of Loch Earn and Glen Artney,56.345039,-4.128963,66.8,2.47,Roadside parking near Comrie or St Fillans,Comrie village,No,2.8-3.7 hrs,12:21,
Beinn a' Mhanaich,3.86,709.00,Southern Highlands incl Jura and Arran,Argyll and Kintyre,Luss Hills,56.112772,-4.785288,88.6,2.29,Luss village car park (NS361929),Luss village,No,2.8-3.7 hrs,12:43,
Beinn nan Lus,2.88,709.00,Central Highlands,Northwest Argyll and Appin,East of Loch Etive,56.493009,-5.037984,105.3,2.89,Parking at Glen Etive road or Invercharnan (NN137468),None nearby,No,2.8-3.7 hrs,11:31,
"Beinn Dearg Mhòr, Broadford",3.17,709.30,Western Highlands and Inner Hebrides,Inner Hebrides,"Torrin, Skye",57.232621,-5.998785,216.0,4.78,Roadside parking near Torrin (NG561213),None nearby,No,2.8-3.7 hrs,07:44,
"Sgùrr na Maothaich, Meith Bheinn",3.80,710.00,Western Highlands and Inner Hebrides,South Morar to Glen Loy,South Morar,56.925181,-5.581481,165.8,3.65,Roadside parking on A830 near Morar,Morar village,No,2.8-3.7 hrs,10:00,
"Beinn Tharsuinn, Alladale",2.81,710.00,Northern Highlands and Outer Hebrides,Loch Broom to Easter Ross,Easter Ross,57.80777,-4.673399,207.3,5.76,There is a large parking area at the start of the track off the west side of the B9176 just north of Strathrory Bridge.,None nearby,No,2.8-3.7 hrs,05:46,
Càrn a' Ghille Chearr,2.95,710.20,Eastern Highlands,Cairngorms and North East Grampians,Buchan and Moray,57.351011,-3.431251,149.8,3.58,"It is possible to park on the grassy verge of the minor road through the Haughs of Cromdale at NJ111298, just south of the (insignificant) Bridge of Shennach.",None nearby,No,2.8-3.7 hrs,10:08,
"Druim Fada, Arnisdale",3.33,710.70,Western Highlands and Inner Hebrides,Loch Hourn to Glen Shiel,Arnisdale and Glen Elg,57.11762,-5.479085,208.2,4.99,Arnisdale village parking or Glenelg (NG811131),None nearby,No,2.8-3.7 hrs,07:19,
Beinn nan Ramh,3.75,711.00,Northern Highlands and Outer Hebrides,The Fannichs to Loch Maree,The Fannichs,57.646786,-5.118974,200.1,5.3,Parking at A832 Fannich Lodge track (NH236660),None nearby,No,2.8-3.7 hrs,06:41,
Cairnsmore of Fleet,3.82,711.10,Southern Uplands,Galloway,Glen Trool and Glenkens,54.975447,-4.343329,102.1,2.99,"The road bends sharp left to cross the Graddoch burn bridge, after this continue a short distance until a parking sign indicates a track on the right - the parking area is in several bays along the le",None nearby,No,2.8-3.7 hrs,11:19,
Tinto Hill,3.64,711.60,Southern Uplands,The Borders,Tinto and Culter Fells,55.591617,-3.662553,35.2,1.27,"Tinto Hill car park, Fullburn off A73 (NS964374)",None nearby,No,2.8-3.8 hrs,14:39,
Creag Ruadh,3.05,712.30,Southern Highlands incl Jura and Arran,Loch Tay to the Trossachs,South of Loch Tay to Glen Almond,56.436804,-4.152179,71.9,1.91,Roadside parking near Ardtalnaig or Lawers (NN680400),None nearby,No,2.8-3.8 hrs,13:22,
"Creag Mhòr, Ben Armine",3.67,712.60,Northern Highlands and Outer Hebrides,Loch Shin to the Pentland Firth,Strath Vagastie to Strath Ullie,58.185714,-4.215299,222.4,6.15,Roadside parking on A838/A836,None nearby,No,2.8-3.8 hrs,04:53,
"Beinn Chaorach, Luss",3.54,713.00,Southern Highlands incl Jura and Arran,Argyll and Kintyre,Luss Hills,56.093348,-4.75446,82.1,1.92,Luss village car park (NS361929),Luss village,No,2.8-3.8 hrs,13:21,
"Beinn Mheadhonach, Loch Etive",4.00,715.00,Central Highlands,Northwest Argyll and Appin,Glen Creran to Glen Etive,56.482395,-5.217251,133.2,4.23,Parking at Glen Etive road end or Gualachulain (NN137468),None nearby,No,2.8-3.8 hrs,08:44,
Cnap Chaochan Aitinn,3.55,715.00,Eastern Highlands,Cairngorms and North East Grampians,East of Lairig an Laoigh,57.172529,-3.414371,131.7,4.52,"Follow the track at the end of the parking area and after a short while, and having passed a gate, take the signed detour up steps to the left to reach the Queen's viewpoint.",None nearby,No,2.8-3.8 hrs,08:09,
Lamachan Hill,3.29,716.70,Southern Uplands,Galloway,Glen Trool and Glenkens,55.062743,-4.45156,107.9,3.33,Park at the car park at the end of the public road up Glen Trool.,None nearby,No,2.8-3.8 hrs,10:32,
"An Stac, Morar",4.17,717.80,Western Highlands and Inner Hebrides,South Morar to Glen Loy,Glen Finnan and Gleann Fionnlighe,56.942093,-5.50861,162.9,3.98,Glenfinnan visitor centre car park (NM906808),Glenfinnan visitor centre,No,2.8-3.8 hrs,09:14,
Ben Buie,3.88,718.10,Western Highlands and Inner Hebrides,Ardnamuchan to Loch Linnhe,Isle of Mull,56.375099,-5.881803,179.1,4.65,"Various - depends on route, Ben More from B8035 (NM505370)",Nearest village,No,2.8-3.8 hrs,07:53,
The Storr,4.73,718.70,Western Highlands and Inner Hebrides,Inner Hebrides,"Trotternish, Skye",57.507128,-6.183117,242.1,5.36,Old Man of Storr car park (NG509529) or Staffin,Portree town,No,2.8-3.8 hrs,06:28,
"Meall Buidhe, Glen Ogle",2.75,719.20,Southern Highlands incl Jura and Arran,Loch Tay to the Trossachs,South of Loch Tay to Glen Almond,56.419036,-4.308662,69.5,1.66,Roadside parking near Ardtalnaig or Lawers (NN680400),None nearby,No,2.8-3.8 hrs,13:52,
Ben Stack,4.22,721.00,Northern Highlands and Outer Hebrides,Loch Shin to the Pentland Firth,Srath Dionard to Strath Stack,58.334937,-4.957717,236.5,5.07,From the parking area walk along the tarmac road towards Achfary (south) for a very short distance until a track goes off on the right.,None nearby,No,2.8-3.8 hrs,07:03,
Stob Mhic Bheathain,3.67,721.00,Western Highlands and Inner Hebrides,Ardnamuchan to Loch Linnhe,Ardgour,56.787153,-5.416509,151.6,5.27,Roadside parking on A861 near Strontian (NM816618),Strontian village,No,2.8-3.8 hrs,06:39,
Ben Cleuch,3.76,721.00,Southern Highlands incl Jura and Arran,Loch Tay to the Trossachs,Ochils,56.185695,-3.769497,37.7,1.44,"Upper Mill St, Tillicoultry (NS914974)",Tillicoultry town centre,No,2.8-3.8 hrs,14:19,
"Mullach Buidhe, Beinn Bharrain",4.26,721.40,Southern Highlands incl Jura and Arran,Argyll and Kintyre,Isle of Arran,55.63315,-5.334706,171.4,5.52,There is parking in Pirnmill opposite the shop and cafe.,None nearby,No,2.8-3.8 hrs,06:09,
The Buck of Cabrach,2.83,721.70,Eastern Highlands,Cairngorms and North East Grampians,Buchan and Moray,57.297361,-2.977049,139.9,3.18,"There is a small area of parking at the side of the B9002 between Lumsden and Cabrack, just 0.",None nearby,No,2.8-3.8 hrs,10:50,
Meall Mhèinnidh,4.08,721.80,Northern Highlands and Outer Hebrides,The Fannichs to Loch Maree,Letterewe,57.716588,-5.435318,213.3,4.59,Kinlochewe village parking (NH028619),Kinlochewe village,No,2.8-3.8 hrs,08:01,
Creagan a' Chaise,3.62,722.10,Eastern Highlands,Cairngorms and North East Grampians,Buchan and Moray,57.299392,-3.488296,145.3,3.37,Park in the Cromdale Park parking area (with the recycling bins) on the west side of the A95 at Cromdale.,None nearby,No,2.8-3.8 hrs,10:27,
Meall nan Damh,3.67,723.40,Western Highlands and Inner Hebrides,Ardnamuchan to Loch Linnhe,Ardgour,56.815282,-5.410285,157.9,3.61,Roadside parking on A861 near Strontian (NM816618),Strontian village,No,2.8-3.8 hrs,09:58,
Màm Hael,,723.80,Central Highlands,Northwest Argyll and Appin,Glen Creran to Glen Etive,56.517772,-5.238561,133.0,3.69,Parking at Glen Etive road end or Gualachulain (NN137468),None nearby,No,2.8-3.8 hrs,09:49,
Beinn a' Chearcaill,4.47,725.40,Northern Highlands and Outer Hebrides,Applecross," Coulin and Torridon, 57.616246",57.616246,-5.465769,212.3,5.03,The walk starts up the driveway to a cottage a short distance north of the Bridge of Grunie; there is parking for several cars on an old stretch of road 200m further north.,None nearby,No,2.8-3.9 hrs,07:02,
Mullach Coire nan Geur-oirean,3.33,727.00,Western Highlands and Inner Hebrides,South Morar to Glen Loy,Glen Mallie and Glen Loy,56.953529,-5.209651,154.5,3.33,Roadside parking near Gairlochy (NN176842),None nearby,No,2.9-3.9 hrs,10:26,
Càrnan Cruithneachd,4.46,727.80,Western Highlands and Inner Hebrides,Glen Strathfarrar to Glen Affric,Strath Croe,57.27893,-5.32863,204.0,5.77,"Morvich car park, Glen Shiel (NG960210)",None nearby,No,2.9-3.9 hrs,05:33,
Meall Doire Fàid,3.36,728.80,Northern Highlands and Outer Hebrides,Loch Broom to Easter Ross,Inverlael and Strathvaich,57.767169,-4.992767,198.9,4.27,Inverlael car park off A835 (NH183854),None nearby,No,2.9-3.9 hrs,08:33,
Beinn na Gainimh,2.89,729.30,Southern Highlands incl Jura and Arran,Loch Tay to the Trossachs,South of Loch Tay to Glen Almond,56.487874,-3.890041,64.6,1.94,Roadside parking near Ardtalnaig or Lawers (NN680400),None nearby,No,2.9-3.9 hrs,13:13,
Ben Venue,4.08,729.50,Southern Highlands incl Jura and Arran,Loch Tay to the Trossachs,Loch Katrine to Loch Lomond,56.225014,-4.461996,64.2,2.48,Parking at Inversnaid or Stronachlachar,None nearby,No,2.9-3.9 hrs,12:08,
Uisgneabhal Mòr,4.36,730.10,Northern Highlands and Outer Hebrides,Outer Hebrides,Harris,57.972969,-6.871151,287.5,7.45,"There is a new parking area at the foot of Gleann Mhiabhaig on the Huisinish road, built for the Harris Golden Eagle Observatory .",None nearby,No,2.9-3.9 hrs,02:11,
Sàbhal Beag,3.56,730.40,Northern Highlands and Outer Hebrides,Loch Shin to the Pentland Firth,Srath Luib na Seilich to Loch Merkland,58.34443,-4.781309,231.9,5.36,Roadside parking on A838 near Loch Merkland,None nearby,No,2.9-3.9 hrs,06:22,
"Beinn na Caillich, Kyle Rhea",4.15,731.40,Western Highlands and Inner Hebrides,Inner Hebrides,"Kyle Rhea, Skye",57.242967,-5.696922,198.6,4.41,Kylerhea ferry car park (NG786212),None nearby,No,2.9-3.9 hrs,08:16,
"Suilven, Caisteal Liath",4.80,731.40,Northern Highlands and Outer Hebrides,Coigach and Assynt,West Assynt and Glen Canisp,58.115545,-5.136759,249.1,5.58,Parking near Lochinver or on A837,Lochinver village,No,2.9-3.9 hrs,05:56,
"Glas Bheinn, Loch Arkaig",2.38,731.50,Western Highlands and Inner Hebrides,Knoydart and the Rough Bounds,Glen Garry Forest,56.981088,-5.011379,148.5,3.39,Tomdoun roadside parking (NH156012),None nearby,No,2.9-3.9 hrs,10:19,
Stob an Eas,3.90,732.00,Southern Highlands incl Jura and Arran,Argyll and Kintyre,Cowal and Ardgoil,56.224432,-4.928582,102.8,2.43,Roadside parking on A815 or Rest and Be Thankful (NN228073),Arrochar village,No,2.9-3.9 hrs,12:14,
Green Lowther,3.00,732.00,Southern Uplands,Galloway,Lowther Hills,55.389864,-3.737514,49.5,1.43,"Follow the track uphill towards the cluster of white houses, and then keep straight ahead (with an old mining structure on the right) to pass through the parking area to the right of the houses.",None nearby,No,2.9-3.9 hrs,14:14,
"Beinn na Caillich, Broadford",4.15,732.10,Western Highlands and Inner Hebrides,Inner Hebrides,"Torrin, Skye",57.237298,-5.976689,212.5,4.68,Roadside parking near Torrin (NG561213),None nearby,No,2.9-3.9 hrs,07:44,
Sgùrr a' Gharaidh,4.50,732.30,Northern Highlands and Outer Hebrides,Applecross," Coulin and Torridon, Coulin and Ben Damh",57.440196,-5.527307,223.9,5.29,Torridon village car park (NG869564),Torridon village,No,2.9-3.9 hrs,06:31,
"Beinn Dearg Mhòr, Skye",3.17,733.50,Western Highlands and Inner Hebrides,Inner Hebrides,"Strathaird and Red Cuillin, Skye",57.279561,-6.115835,220.3,4.84,Sligachan car park (NG486298),Sligachan hotel,No,2.9-3.9 hrs,07:25,
Doune Hill,3.65,734.50,Southern Highlands incl Jura and Arran,Argyll and Kintyre,Luss Hills,56.135861,-4.752543,87.8,2.14,"The road has little traffic (and no good parking spaces) and so provides pleasant going, gradually gaining height up the glen and giving good views of the surrounding hills.",None nearby,No,2.9-3.9 hrs,12:49,
Druim na Sgriodain,4.44,734.60,Western Highlands and Inner Hebrides,Ardnamuchan to Loch Linnhe,Ardgour,56.738213,-5.306882,130.9,3.34,"There is parking opposite Corran church if you are staying on the Ardgour side, but if you are approaching from the A82 then you can instead park on the south side of the Corran ferry and then cross o",None nearby,No,2.9-3.9 hrs,10:25,
"Beinn na h-Eaglaise, Coulin",4.44,735.10,Northern Highlands and Outer Hebrides,Applecross," Coulin and Torridon, 57.512982",57.512982,-5.49321,216.0,4.72,Torridon village car park (NG869564),Torridon village,No,2.9-3.9 hrs,07:39,
Beinn a' Chaolais,4.23,735.20,Southern Highlands incl Jura and Arran,Argyll and Kintyre,Isle of Jura,55.88852,-6.017434,187.8,6.45,There is a parking area on the north side of the old bridge over the Corran river.,None nearby,No,2.9-3.9 hrs,04:11,
Marsco,4.71,737.20,Western Highlands and Inner Hebrides,Inner Hebrides,"Strathaird and Red Cuillin, Skye",57.249206,-6.133497,219.1,4.82,Sligachan car park (NG486298),Sligachan hotel,No,2.9-3.9 hrs,07:27,
"Beinn Bheag, Ardgour",3.83,737.40,Western Highlands and Inner Hebrides,Ardnamuchan to Loch Linnhe,Ardgour,56.716428,-5.410299,133.2,3.67,Roadside parking on A861 near Strontian (NM816618),Strontian village,No,2.9-3.9 hrs,09:45,
"Meall Mòr, Glen Glass",3.78,738.00,Northern Highlands and Outer Hebrides,Loch Broom to Easter Ross,Easter Ross,57.736187,-4.495461,180.5,4.17,Parking varies - Evanton or Alness area,Nearest town,No,2.9-3.9 hrs,08:45,
"Beinn Mheadhoin, Morvern",4.11,739.00,Western Highlands and Inner Hebrides,Ardnamuchan to Loch Linnhe,Kingairloch,56.603086,-5.587371,152.8,3.9,Roadside parking near Kingairloch (NM830490),None nearby,No,2.9-4.0 hrs,09:11,
"Sgùrr na Coinnich, Skye",3.75,739.10,Western Highlands and Inner Hebrides,Inner Hebrides,"Kyle Rhea, Skye",57.236215,-5.709427,198.7,4.41,Kylerhea ferry car park (NG786212),None nearby,No,2.9-4.0 hrs,08:10,
"Stob na Cruaiche, A' Chruach",4.08,740.00,Central Highlands,Loch Linnhie to Loch Ericht,Around Loch Ossian,56.676933,-4.672656,110.3,2.59,"Corrour station (no road access, train only) (NN356664)",None (remote),No,2.9-4.0 hrs,11:49,
Badandun Hill,3.60,740.30,Eastern Highlands,Glenshee to Cairn o'Mount,Angus Glens,56.795711,-3.299177,81.1,2.21,Glen Doll car park (NO284762),Glen Doll ranger centre,No,2.9-4.0 hrs,12:34,
"Sgùrr Dearg, Mull",4.29,741.00,Western Highlands and Inner Hebrides,Ardnamuchan to Loch Linnhe,Isle of Mull,56.440137,-5.788886,174.0,4.41,"Various - depends on route, Ben More from B8035 (NM505370)",Nearest village,No,2.9-4.0 hrs,08:10,
"Beinn Mhòr, Cowal",4.69,741.50,Southern Highlands incl Jura and Arran,Argyll and Kintyre,Cowal and Ardgoil,56.072614,-5.041669,91.4,3.38,"There is limited parking for one car a little way south of the track, or more space just off the road heading west to the coast from the A865 just north of the track and the Abhainn Rog.",None nearby,No,2.9-4.0 hrs,10:14,
Cnap Cruinn,2.86,741.90,Central Highlands,Loch Linnhie to Loch Ericht,Easains and Innses,56.857674,-4.785156,131.7,3.1,Parking at Loch Treig dam or Fersit (NN350782),None (remote),No,2.9-4.0 hrs,10:48,
"Sgòrr na Ciche, Pap of Glencoe",4.27,742.40,Central Highlands,Northwest Argyll and Appin,North of Glen Coe,56.688839,-5.062914,121.4,2.79,"Parking off A82, Glen Coe (NN172567)",Glencoe village,No,2.9-4.0 hrs,11:25,
Dùn Rig,3.36,742.70,Southern Uplands,The Borders,Tweedsmuir and Manor Hills,55.572039,-3.185913,29.1,1.44,"Glen Road layby, Peebles (NT259392)",Peebles town centre,No,2.9-4.0 hrs,14:07,
"Stob a' Ghrianain, Druim Fada",3.60,742.90,Western Highlands and Inner Hebrides,South Morar to Glen Loy,Glen Mallie and Glen Loy,56.893425,-5.142292,146.9,3.21,Roadside parking near Gairlochy (NN176842),None nearby,No,2.9-4.0 hrs,10:34,
"Beinn nan Eun, Glen Glass",3.50,743.10,Northern Highlands and Outer Hebrides,Loch Broom to Easter Ross,Easter Ross,57.746631,-4.609,182.2,4.35,Parking varies - Evanton or Alness area,Nearest town,No,2.9-4.0 hrs,08:18,
Geallaig Hill,3.49,743.20,Eastern Highlands,Cairngorms and North East Grampians,River Don to River Gairn,57.069295,-3.15951,107.8,2.81,There is usually space to park on the verge roughly opposite Braenaloin on the B976 between Glen Gairn and Crathie.,None nearby,No,2.9-4.0 hrs,11:22,
Ben More Coigach (Beinn Mhòr na Còigich),4.69,743.40,Northern Highlands and Outer Hebrides,Coigach and Assynt,Coigach and Inverpolly,57.986566,-5.225731,239.6,5.25,Parking at Knockan Crag or Linneraineach (NC094134),None nearby,No,2.9-4.0 hrs,06:30,
Creag Liath,3.65,743.50,Central Highlands,Monadh Liath to Glen Roy,Monadh Liath,57.078515,-4.206132,112.9,2.49,Newtonmore or Glen Banchor parking (NN692996),Newtonmore village,No,2.9-4.0 hrs,12:01,
Meall nan Gabhar,3.33,744.00,Southern Highlands incl Jura and Arran,Loch Tay to the Trossachs,Cononish,56.375543,-4.858499,103.6,3.1,Parking at Dalrigh near Tyndrum (NN343291),Tyndrum village,No,2.9-4.0 hrs,10:48,
Mount Blair,3.44,744.40,Eastern Highlands,Glenshee to Cairn o'Mount,Angus Glens,56.750878,-3.363108,77.8,2.0,"There is parking in a layby on the B951 by the signs for the Perthshire / Angus border, and also around 100m east at the forest edge at NO154642.",None nearby,No,2.9-4.0 hrs,13:00,
Meall a' Mhuic,2.67,745.90,Southern Highlands incl Jura and Arran,Rannoch Moor to Loch Tay,Glen Lyon east,56.627441,-4.317269,95.5,2.9,"Roadside parking, Glen Lyon (NN590475)",None nearby,No,3.0-4.0 hrs,11:11,
"Meall Mòr, Loch Katrine",3.78,746.00,Southern Highlands incl Jura and Arran,Loch Tay to the Trossachs,Loch Voil to Strath Gartney,56.301093,-4.613687,77.1,2.71,Parking at Balquhidder village (NN536209),None nearby,No,3.0-4.0 hrs,11:34,
Binnein Shuas,4.54,747.20,Central Highlands,Glen Garry to Loch Rannoch,Laggan and Ardverikie,56.909849,-4.525941,121.5,4.39,Parking near Laggan (NN593944),Laggan village,No,3.0-4.0 hrs,08:13,
Culter Fell,3.45,748.40,Southern Uplands,The Borders,Tinto and Culter Fells,55.54617,-3.502684,34.9,1.18,Layby near Coulter Reservoir (NT031310),None nearby,No,3.0-4.0 hrs,14:38,
"Sgùrr Choinnich, Loch Arkaig",3.17,749.00,Western Highlands and Inner Hebrides,Knoydart and the Rough Bounds,Glen Garry Forest,57.007134,-5.085969,170.8,5.02,Tomdoun roadside parking (NH156012),None nearby,No,3.0-4.0 hrs,06:57,
Groban,3.45,749.00,Northern Highlands and Outer Hebrides,The Fannichs to Loch Maree,The Fannichs,57.687564,-5.18924,200.6,5.48,Parking at A832 Fannich Lodge track (NH236660),None nearby,No,3.0-4.0 hrs,06:02,
Mona Gowan,2.92,749.00,Eastern Highlands,Cairngorms and North East Grampians,River Don to River Gairn,57.138568,-3.098852,120.3,3.33,"After crossing the bridge over the Don, a suitable responsible parking space must be found; there is often space on the north side of the road, opposite the track heading to Culfork.",None nearby,No,3.0-4.0 hrs,10:20,
Meallan a' Chuail,3.62,750.50,Northern Highlands and Outer Hebrides,Coigach and Assynt,East Assynt and Glencoul,58.220732,-4.820022,229.3,5.23,There is a small parking area at the back of a passing place on the A838 at NC358333 - there is room for 2-3 cars without impeding the passing space.,None nearby,No,3.0-4.0 hrs,06:32,
"Creag Dhubh, Newtonmore",3.33,752.90,Central Highlands,Monadh Liath to Glen Roy,Monadh Liath,57.047159,-4.180762,113.1,2.45,There is space to park on the north side of the A86 just north of Lochan Ulvie; the correct parking area has a bench and also a gate giving access into the woods to the north.,None nearby,No,3.0-4.1 hrs,12:00,
The Stob,3.25,753.60,Southern Highlands incl Jura and Arran,Loch Tay to the Trossachs,Glen Dochart to Loch Voil,56.376816,-4.44454,73.0,2.04,Parking at Killin or Crianlarich,Killin village,No,3.0-4.1 hrs,12:49,
Cook's Cairn,2.81,755.90,Eastern Highlands,Cairngorms and North East Grampians,Buchan and Moray,57.335607,-3.160614,148.9,4.04,Take the minor road from Tomnavoulin; at the end of the tarmac there is a parking area on the right at Allanreid.,None nearby,No,3.0-4.1 hrs,08:49,
Beinn Shiantaidh,4.27,757.20,Southern Highlands incl Jura and Arran,Argyll and Kintyre,Isle of Jura,55.901682,-5.979387,188.3,6.54,There is a parking area on the north side of the old bridge over the Corran river.,None nearby,No,3.0-4.1 hrs,03:49,
"Ciste Buide a' Claidheimh, Shee of Ardtalnaig",3.71,758.20,Southern Highlands incl Jura and Arran,Loch Tay to the Trossachs,South of Loch Tay to Glen Almond,56.491466,-4.065037,90.4,2.59,Roadside parking near Ardtalnaig or Lawers (NN680400),None nearby,No,3.0-4.1 hrs,11:43,
Càrn an Tionail,4.00,758.50,Northern Highlands and Outer Hebrides,Loch Shin to the Pentland Firth,Srath Luib na Seilich to Loch Merkland,58.310379,-4.745732,231.4,5.28,Roadside parking on A838 near Loch Merkland,None nearby,No,3.0-4.1 hrs,06:20,
Beinn a' Chapuill,4.00,759.80,Western Highlands and Inner Hebrides,Loch Hourn to Glen Shiel,Arnisdale and Glen Elg,57.173211,-5.58289,201.2,4.79,Arnisdale village parking or Glenelg (NG811131),None nearby,No,3.0-4.1 hrs,07:19,
Beinn Talaidh,3.86,761.60,Western Highlands and Inner Hebrides,Ardnamuchan to Loch Linnhe,Isle of Mull,56.444584,-5.854314,175.4,4.53,There is a parking area a short way along the lane near a house; beyond this point access up the glen is on foot or by bicycle only.,None nearby,No,3.0-4.1 hrs,07:50,
